Workbook

Sheet Hướng dẫn
A1: Hướng dẫn dùng file tra cứu SmallCNN
A3: Đường inference: input → conv1 → relu1 → pool1 → conv2 → relu2 → pool2 → conv3 → relu3 → pool3 → flatten → fc → argmax
A5: Sheet tính toán (nhập ô vàng, mọi thứ khác là công thức):
A6: • Tra conv1 — 9 MAC/điểm. Ví dụ sẵn (0, 26, 12) = bài 2 trong on-tap-flow-7-buoc.md. Đổi thành (0, 0, 0) để ra bài 3, (0, 0, 14) để ra bài 3 phần B.
A7: • Tra conv2 — 72 MAC/điểm. Ví dụ (15, 3, 3), giống trang "Bảng tra in và w".
A8: • Tra conv3 — 144 MAC/điểm.
A9: • Tra maxpool — chọn lớp 1/2/3: 4 giá trị conv → ReLU → 3 phép so sánh → so với PyTorch.
A10: • Tra fc — 1 logit = 144 MAC từ flatten pool3; kèm bảng 10 logit và argmax.
A12: Sheet dữ liệu (toàn bộ số trong file txt, có số dòng + nhãn kênh/hàng/cột, dùng Filter để dò):
A13: weights (4.968) · biases (50) · input · conv1 · relu1 · pool1 · conv2 · relu2 · pool2 · conv3 · relu3 · pool3 · fc
A15: Offset trong weights.txt: conv1 0 · conv2 72 · conv3 1224 · fc 3528. Offset trong biases.txt: conv1 0 · conv2 8 · conv3 24 · fc 40.
A16: Chỉ số tensor [C][H][W]: (kênh·H + hàng)·W + cột. Chỉ số w conv: ((oc·IC + ic)·3 + ky)·3 + kx. fc: o·144 + k.
... A21: Dữ liệu sinh từ params/ và golden/ (export_params.py, ảnh test số 0, nhãn 7). Không sửa tay các sheet dữ liệu.

Sheet Tra conv1
A1: conv1 — tính 1 điểm output (9 MAC = 1 kênh vào × 9)
A2: Nhập 3 ô vàng. Input lấy từ sheet "input", trọng số từ "weights" (offset 0), bias từ "biases" (offset 0), so với "conv1".
A4: oc (kênh ra, 0–7) | B4: 0
A5: y (hàng, 0–27) | B5: 26
A6: x (cột, 0–27) | B6: 12
A8: bias[oc] (biases.txt) | B8: =INDEX(biases!$E:$E,0+$B$4+2) -> 0.40126324 | C8: Dòng biases.txt: | D8: =0+$B$4+1 -> 1
A9: Σ 9 tích | B9: =SUM(N16:N24) -> 2.1192566
A10: acc = bias + Σ → output (trước ReLU) | B10: =B8+B9 -> 2.5205199
A11: PyTorch (sheet conv1) | B11: =INDEX(conv1!$F:$F,($B$4*784+$B$5*28+$B$6)+2) -> 2.52052 | C11: Dòng golden/01_conv1.txt: | D11: =$B$4*784+$B$5*28+$B$6+1 -> 741
A12: Lệch |acc − PyTorch| | B12: =ABS(B10-B11) -> 1.1669445e-07
A13: Sau ReLU = max(0, acc) | B13: =MAX(0,B10) -> 2.5205199
A14: Bảng 9 MAC — mỗi nhóm 9 dòng là 1 kênh vào. Dòng xám = ô đệm (in = 0, không đọc file).
A15: ic | B15: ky | C15: kx | D15: hàng = y+ky−1 | E15: cột = x+kx−1 | F15: Trong ảnh / đệm | G15: Chỉ số in (0) | H15: Dòng input.txt | I15: in | J15: Chỉ số w trong lớp | K15: Vị trí file (+0) | L15: Dòng weights.txt | M15: w | N15: Tích in·w | O15: acc cộng dồn
A16: 0 | B16: 0 | C16: 0 | D16: =$B$5+B16-1 -> 25 | E16: =$B$6+C16-1 -> 11 | F16: =IF(OR(D16<0,D16>27,E16<0,E16>27),"đệm","ảnh") -> ảnh | G16: =IF(F16="đệm","—",(A16*28+D16)*28+E16) -> 711 | H16: =IF(F16="đệm","—",G16+1) -> 712 | I16: =IF(F16="đệm",0,INDEX(input!$F:$F,G16+2)) -> 2.8087585 | J16: =(($B$4*1+A16)*3+B16)*3+C16 -> 0 | K16: =J16+0 -> 0 | L16: =K16+1 -> 1 | M16: =INDEX(weights!$H:$H,K16+2) -> 0.31913549 | N16: =I16*M16 -> 0.89637451 | O16: =$B$8+N16 -> 1.2976377
A17: 0 | B17: 0 | C17: 1 | D17: =$B$5+B17-1 -> 25 | E17: =$B$6+C17-1 -> 12 | F17: =IF(OR(D17<0,D17>27,E17<0,E17>27),"đệm","ảnh") -> ảnh | G17: =IF(F17="đệm","—",(A17*28+D17)*28+E17) -> 712 | H17: =IF(F17="đệm","—",G17+1) -> 713 | I17: =IF(F17="đệm",0,INDEX(input!$F:$F,G17+2)) -> 2.8087585 | J17: =(($B$4*1+A17)*3+B17)*3+C17 -> 1 | K17: =J17+0 -> 1 | L17: =K17+1 -> 2 | M17: =INDEX(weights!$H:$H,K17+2) -> 0.23974387 | N17: =I17*M17 -> 0.67338264 | O17: =O16+N17 -> 1.9710204
A18: 0 | B18: 0 | C18: 2 | D18: =$B$5+B18-1 -> 25 | E18: =$B$6+C18-1 -> 13 | F18: =IF(OR(D18<0,D18>27,E18<0,E18>27),"đệm","ảnh") -> ảnh | G18: =IF(F18="đệm","—",(A18*28+D18)*28+E18) -> 713 | H18: =IF(F18="đệm","—",G18+1) -> 714 | I18: =IF(F18="đệm",0,INDEX(input!$F:$F,G18+2)) -> 2.3632703 | J18: =(($B$4*1+A18)*3+B18)*3+C18 -> 2 | K18: =J18+0 -> 2 | L18: =K18+1 -> 3 | M18: =INDEX(weights!$H:$H,K18+2) -> -0.36057898 | N18: =I18*M18 -> -0.8521456 | O18: =O17+N18 -> 1.1188748
A19: 0 | B19: 1 | C19: 0 | D19: =$B$5+B19-1 -> 26 | E19: =$B$6+C19-1 -> 11 | F19: =IF(OR(D19<0,D19>27,E19<0,E19>27),"đệm","ảnh") -> ảnh | G19: =IF(F19="đệm","—",(A19*28+D19)*28+E19) -> 739 | H19: =IF(F19="đệm","—",G19+1) -> 740 | I19: =IF(F19="đệm",0,INDEX(input!$F:$F,G19+2)) -> 2.8087585 | J19: =(($B$4*1+A19)*3+B19)*3+C19 -> 3 | K19: =J19+0 -> 3 | L19: =K19+1 -> 4 | M19: =INDEX(weights!$H:$H,K19+2) -> 0.3299408 | N19: =I19*M19 -> 0.92672402 | O19: =O18+N19 -> 2.0455988
A20: 0 | B20: 1 | C20: 1 | D20: =$B$5+B20-1 -> 26 | E20: =$B$6+C20-1 -> 12 | F20: =IF(OR(D20<0,D20>27,E20<0,E20>27),"đệm","ảnh") -> ảnh | G20: =IF(F20="đệm","—",(A20*28+D20)*28+E20) -> 740 | H20: =IF(F20="đệm","—",G20+1) -> 741 | I20: =IF(F20="đệm",0,INDEX(input!$F:$F,G20+2)) -> 2.2105315 | J20: =(($B$4*1+A20)*3+B20)*3+C20 -> 4 | K20: =J20+0 -> 4 | L20: =K20+1 -> 5 | M20: =INDEX(weights!$H:$H,K20+2) -> 0.22587787 | N20: =I20*M20 -> 0.49931013 | O20: =O19+N20 -> 2.5449089
A21: 0 | B21: 1 | C21: 2 | D21: =$B$5+B21-1 -> 26 | E21: =$B$6+C21-1 -> 13 | F21: =IF(OR(D21<0,D21>27,E21<0,E21>27),"đệm","ảnh") -> ảnh | G21: =IF(F21="đệm","—",(A21*28+D21)*28+E21) -> 741 | H21: =IF(F21="đệm","—",G21+1) -> 742 | I21: =IF(F21="đệm",0,INDEX(input!$F:$F,G21+2)) -> -0.19510475 | J21: =(($B$4*1+A21)*3+B21)*3+C21 -> 5 | K21: =J21+0 -> 5 | L21: =K21+1 -> 6 | M21: =INDEX(weights!$H:$H,K21+2) -> 0.36177245 | N21: =I21*M21 -> -0.070583522 | O21: =O20+N21 -> 2.4743254
A22: 0 | B22: 2 | C22: 0 | D22: =$B$5+B22-1 -> 27 | E22: =$B$6+C22-1 -> 11 | F22: =IF(OR(D22<0,D22>27,E22<0,E22>27),"đệm","ảnh") -> ảnh | G22: =IF(F22="đệm","—",(A22*28+D22)*28+E22) -> 767 | H22: =IF(F22="đệm","—",G22+1) -> 768 | I22: =IF(F22="đệm",0,INDEX(input!$F:$F,G22+2)) -> -0.42421296 | J22: =(($B$4*1+A22)*3+B22)*3+C22 -> 6 | K22: =J22+0 -> 6 | L22: =K22+1 -> 7 | M22: =INDEX(weights!$H:$H,K22+2) -> -0.35221571 | N22: =I22*M22 -> 0.14941447 | O22: =O21+N22 -> 2.6237399
A23: 0 | B23: 2 | C23: 1 | D23: =$B$5+B23-1 -> 27 | E23: =$B$6+C23-1 -> 12 | F23: =IF(OR(D23<0,D23>27,E23<0,E23>27),"đệm","ảnh") -> ảnh | G23: =IF(F23="đệm","—",(A23*28+D23)*28+E23) -> 768 | H23: =IF(F23="đệm","—",G23+1) -> 769 | I23: =IF(F23="đệm",0,INDEX(input!$F:$F,G23+2)) -> -0.42421296 | J23: =(($B$4*1+A23)*3+B23)*3+C23 -> 7 | K23: =J23+0 -> 7 | L23: =K23+1 -> 8 | M23: =INDEX(weights!$H:$H,K23+2) -> 0.024664154 | N23: =I23*M23 -> -0.010462854 | O23: =O22+N23 -> 2.613277
A24: 0 | B24: 2 | C24: 2 | D24: =$B$5+B24-1 -> 27 | E24: =$B$6+C24-1 -> 13 | F24: =IF(OR(D24<0,D24>27,E24<0,E24>27),"đệm","ảnh") -> ảnh | G24: =IF(F24="đệm","—",(A24*28+D24)*28+E24) -> 769 | H24: =IF(F24="đệm","—",G24+1) -> 770 | I24: =IF(F24="đệm",0,INDEX(input!$F:$F,G24+2)) -> -0.42421296 | J24: =(($B$4*1+A24)*3+B24)*3+C24 -> 8 | K24: =J24+0 -> 8 | L24: =K24+1 -> 9 | M24: =INDEX(weights!$H:$H,K24+2) -> 0.21865711 | N24: =I24*M24 -> -0.092757179 | O24: =O23+N24 -> 2.5205199

Sheet Tra conv2
A1: conv2 — tính 1 điểm output (72 MAC = 8 kênh vào × 9)
A2: Nhập 3 ô vàng. Input lấy từ sheet "pool1", trọng số từ "weights" (offset 72), bias từ "biases" (offset 8), so với "conv2".
A4: oc (kênh ra, 0–15) | B4: 15
A5: y (hàng, 0–13) | B5: 3
A6: x (cột, 0–13) | B6: 3
A8: bias[oc] (biases.txt) | B8: =INDEX(biases!$E:$E,8+$B$4+2) -> -0.1686018 | C8: Dòng biases.txt: | D8: =8+$B$4+1 -> 24
A9: Σ 72 tích | B9: =SUM(N16:N87) -> 3.072651
A10: acc = bias + Σ → output (trước ReLU) | B10: =B8+B9 -> 2.9040492
A11: PyTorch (sheet conv2) | B11: =INDEX(conv2!$F:$F,($B$4*196+$B$5*14+$B$6)+2) -> 2.9040489 | C11: Dòng golden/04_conv2.txt: | D11: =$B$4*196+$B$5*14+$B$6+1 -> 2986
A12: Lệch |acc − PyTorch| | B12: =ABS(B10-B11) -> 2.6070925e-07
A13: Sau ReLU = max(0, acc) | B13: =MAX(0,B10) -> 2.9040492
A14: Bảng 72 MAC — mỗi nhóm 9 dòng là 1 kênh vào. Dòng xám = ô đệm (in = 0, không đọc file).
A15: ic | B15: ky | C15: kx | D15: hàng = y+ky−1 | E15: cột = x+kx−1 | F15: Trong ảnh / đệm | G15: Chỉ số in (0) | H15: Dòng 03_pool1.txt | I15: in | J15: Chỉ số w trong lớp | K15: Vị trí file (+72) | L15: Dòng weights.txt | M15: w | N15: Tích in·w | O15: acc cộng dồn
A16: 0 | B16: 0 | C16: 0 | D16: =$B$5+B16-1 -> 2 | E16: =$B$6+C16-1 -> 2 | F16: =IF(OR(D16<0,D16>13,E16<0,E16>13),"đệm","ảnh") -> ảnh | G16: =IF(F16="đệm","—",(A16*14+D16)*14+E16) -> 30 | H16: =IF(F16="đệm","—",G16+1) -> 31 | I16: =IF(F16="đệm",0,INDEX(pool1!$F:$F,G16+2)) -> 0 | J16: =(($B$4*8+A16)*3+B16)*3+C16 -> 1080 | K16: =J16+72 -> 1152 | L16: =K16+1 -> 1153 | M16: =INDEX(weights!$H:$H,K16+2) -> -0.011206331 | N16: =I16*M16 -> 0 | O16: =$B$8+N16 -> -0.1686018
A17: 0 | B17: 0 | C17: 1 | D17: =$B$5+B17-1 -> 2 | E17: =$B$6+C17-1 -> 3 | F17: =IF(OR(D17<0,D17>13,E17<0,E17>13),"đệm","ảnh") -> ảnh | G17: =IF(F17="đệm","—",(A17*14+D17)*14+E17) -> 31 | H17: =IF(F17="đệm","—",G17+1) -> 32 | I17: =IF(F17="đệm",0,INDEX(pool1!$F:$F,G17+2)) -> 0 | J17: =(($B$4*8+A17)*3+B17)*3+C17 -> 1081 | K17: =J17+72 -> 1153 | L17: =K17+1 -> 1154 | M17: =INDEX(weights!$H:$H,K17+2) -> -0.084552638 | N17: =I17*M17 -> 0 | O17: =O16+N17 -> -0.1686018
A18: 0 | B18: 0 | C18: 2 | D18: =$B$5+B18-1 -> 2 | E18: =$B$6+C18-1 -> 4 | F18: =IF(OR(D18<0,D18>13,E18<0,E18>13),"đệm","ảnh") -> ảnh | G18: =IF(F18="đệm","—",(A18*14+D18)*14+E18) -> 32 | H18: =IF(F18="đệm","—",G18+1) -> 33 | I18: =IF(F18="đệm",0,INDEX(pool1!$F:$F,G18+2)) -> 0 | J18: =(($B$4*8+A18)*3+B18)*3+C18 -> 1082 | K18: =J18+72 -> 1154 | L18: =K18+1 -> 1155 | M18: =INDEX(weights!$H:$H,K18+2) -> 0.063722804 | N18: =I18*M18 -> 0 | O18: =O17+N18 -> -0.1686018
A19: 0 | B19: 1 | C19: 0 | D19: =$B$5+B19-1 -> 3 | E19: =$B$6+C19-1 -> 2 | F19: =IF(OR(D19<0,D19>13,E19<0,E19>13),"đệm","ảnh") -> ảnh | G19: =IF(F19="đệm","—",(A19*14+D19)*14+E19) -> 44 | H19: =IF(F19="đệm","—",G19+1) -> 45 | I19: =IF(F19="đệm",0,INDEX(pool1!$F:$F,G19+2)) -> 0.97873128 | J19: =(($B$4*8+A19)*3+B19)*3+C19 -> 1083 | K19: =J19+72 -> 1155 | L19: =K19+1 -> 1156 | M19: =INDEX(weights!$H:$H,K19+2) -> 0.18477018 | N19: =I19*M19 -> 0.18084036 | O19: =O18+N19 -> 0.01223856
A20: 0 | B20: 1 | C20: 1 | D20: =$B$5+B20-1 -> 3 | E20: =$B$6+C20-1 -> 3 | F20: =IF(OR(D20<0,D20>13,E20<0,E20>13),"đệm","ảnh") -> ảnh | G20: =IF(F20="đệm","—",(A20*14+D20)*14+E20) -> 45 | H20: =IF(F20="đệm","—",G20+1) -> 46 | I20: =IF(F20="đệm",0,INDEX(pool1!$F:$F,G20+2)) -> 1.8440632 | J20: =(($B$4*8+A20)*3+B20)*3+C20 -> 1084 | K20: =J20+72 -> 1156 | L20: =K20+1 -> 1157 | M20: =INDEX(weights!$H:$H,K20+2) -> 0.023174666 | N20: =I20*M20 -> 0.042735548 | O20: =O19+N20 -> 0.054974107
A21: 0 | B21: 1 | C21: 2 | D21: =$B$5+B21-1 -> 3 | E21: =$B$6+C21-1 -> 4 | F21: =IF(OR(D21<0,D21>13,E21<0,E21>13),"đệm","ảnh") -> ảnh | G21: =IF(F21="đệm","—",(A21*14+D21)*14+E21) -> 46 | H21: =IF(F21="đệm","—",G21+1) -> 47 | I21: =IF(F21="đệm",0,INDEX(pool1!$F:$F,G21+2)) -> 1.5513914 | J21: =(($B$4*8+A21)*3+B21)*3+C21 -> 1085 | K21: =J21+72 -> 1157 | L21: =K21+1 -> 1158 | M21: =INDEX(weights!$H:$H,K21+2) -> 0.21278149 | N21: =I21*M21 -> 0.33010736 | O21: =O20+N21 -> 0.38508147
A22: 0 | B22: 2 | C22: 0 | D22: =$B$5+B22-1 -> 4 | E22: =$B$6+C22-1 -> 2 | F22: =IF(OR(D22<0,D22>13,E22<0,E22>13),"đệm","ảnh") -> ảnh | G22: =IF(F22="đệm","—",(A22*14+D22)*14+E22) -> 58 | H22: =IF(F22="đệm","—",G22+1) -> 59 | I22: =IF(F22="đệm",0,INDEX(pool1!$F:$F,G22+2)) -> 0.797279 | J22: =(($B$4*8+A22)*3+B22)*3+C22 -> 1086 | K22: =J22+72 -> 1158 | L22: =K22+1 -> 1159 | M22: =INDEX(weights!$H:$H,K22+2) -> -0.074801177 | N22: =I22*M22 -> -0.059637407 | O22: =O21+N22 -> 0.32544406
A23: 0 | B23: 2 | C23: 1 | D23: =$B$5+B23-1 -> 4 | E23: =$B$6+C23-1 -> 3 | F23: =IF(OR(D23<0,D23>13,E23<0,E23>13),"đệm","ảnh") -> ảnh | G23: =IF(F23="đệm","—",(A23*14+D23)*14+E23) -> 59 | H23: =IF(F23="đệm","—",G23+1) -> 60 | I23: =IF(F23="đệm",0,INDEX(pool1!$F:$F,G23+2)) -> 2.9180531 | J23: =(($B$4*8+A23)*3+B23)*3+C23 -> 1087 | K23: =J23+72 -> 1159 | L23: =K23+1 -> 1160 | M23: =INDEX(weights!$H:$H,K23+2) -> -0.038891409 | N23: =I23*M23 -> -0.1134872 | O23: =O22+N23 -> 0.21195687
A24: 0 | B24: 2 | C24: 2 | D24: =$B$5+B24-1 -> 4 | E24: =$B$6+C24-1 -> 4 | F24: =IF(OR(D24<0,D24>13,E24<0,E24>13),"đệm","ảnh") -> ảnh | G24: =IF(F24="đệm","—",(A24*14+D24)*14+E24) -> 60 | H24: =IF(F24="đệm","—",G24+1) -> 61 | I24: =IF(F24="đệm",0,INDEX(pool1!$F:$F,G24+2)) -> 3.9385524 | J24: =(($B$4*8+A24)*3+B24)*3+C24 -> 1088 | K24: =J24+72 -> 1160 | L24: =K24+1 -> 1161 | M24: =INDEX(weights!$H:$H,K24+2) -> 0.0067768549 | N24: =I24*M24 -> 0.026690998 | O24: =O23+N24 -> 0.23864786
A25: 1 | B25: 0 | C25: 0 | D25: =$B$5+B25-1 -> 2 | E25: =$B$6+C25-1 -> 2 | F25: =IF(OR(D25<0,D25>13,E25<0,E25>13),"đệm","ảnh") -> ảnh | G25: =IF(F25="đệm","—",(A25*14+D25)*14+E25) -> 226 | H25: =IF(F25="đệm","—",G25+1) -> 227 | I25: =IF(F25="đệm",0,INDEX(pool1!$F:$F,G25+2)) -> 0 | J25: =(($B$4*8+A25)*3+B25)*3+C25 -> 1089 | K25: =J25+72 -> 1161 | L25: =K25+1 -> 1162 | M25: =INDEX(weights!$H:$H,K25+2) -> -0.15321307 | N25: =I25*M25 -> 0 | O25: =O24+N25 -> 0.23864786
A26: 1 | B26: 0 | C26: 1 | D26: =$B$5+B26-1 -> 2 | E26: =$B$6+C26-1 -> 3 | F26: =IF(OR(D26<0,D26>13,E26<0,E26>13),"đệm","ảnh") -> ảnh | G26: =IF(F26="đệm","—",(A26*14+D26)*14+E26) -> 227 | H26: =IF(F26="đệm","—",G26+1) -> 228 | I26: =IF(F26="đệm",0,INDEX(pool1!$F:$F,G26+2)) -> 0 | J26: =(($B$4*8+A26)*3+B26)*3+C26 -> 1090 | K26: =J26+72 -> 1162 | L26: =K26+1 -> 1163 | M26: =INDEX(weights!$H:$H,K26+2) -> -0.13097171 | N26: =I26*M26 -> 0 | O26: =O25+N26 -> 0.23864786
A27: 1 | B27: 0 | C27: 2 | D27: =$B$5+B27-1 -> 2 | E27: =$B$6+C27-1 -> 4 | F27: =IF(OR(D27<0,D27>13,E27<0,E27>13),"đệm","ảnh") -> ảnh | G27: =IF(F27="đệm","—",(A27*14+D27)*14+E27) -> 228 | H27: =IF(F27="đệm","—",G27+1) -> 229 | I27: =IF(F27="đệm",0,INDEX(pool1!$F:$F,G27+2)) -> 0 | J27: =(($B$4*8+A27)*3+B27)*3+C27 -> 1091 | K27: =J27+72 -> 1163 | L27: =K27+1 -> 1164 | M27: =INDEX(weights!$H:$H,K27+2) -> 0.048843134 | N27: =I27*M27 -> 0 | O27: =O26+N27 -> 0.23864786
A28: 1 | B28: 1 | C28: 0 | D28: =$B$5+B28-1 -> 3 | E28: =$B$6+C28-1 -> 2 | F28: =IF(OR(D28<0,D28>13,E28<0,E28>13),"đệm","ảnh") -> ảnh | G28: =IF(F28="đệm","—",(A28*14+D28)*14+E28) -> 240 | H28: =IF(F28="đệm","—",G28+1) -> 241 | I28: =IF(F28="đệm",0,INDEX(pool1!$F:$F,G28+2)) -> 0 | J28: =(($B$4*8+A28)*3+B28)*3+C28 -> 1092 | K28: =J28+72 -> 1164 | L28: =K28+1 -> 1165 | M28: =INDEX(weights!$H:$H,K28+2) -> 0.084719814 | N28: =I28*M28 -> 0 | O28: =O27+N28 -> 0.23864786
... A87: 7 | B87: 2 | C87: 2 | D87: =$B$5+B87-1 -> 4 | E87: =$B$6+C87-1 -> 4 | F87: =IF(OR(D87<0,D87>13,E87<0,E87>13),"đệm","ảnh") -> ảnh | G87: =IF(F87="đệm","—",(A87*14+D87)*14+E87) -> 1432 | H87: =IF(F87="đệm","—",G87+1) -> 1433 | I87: =IF(F87="đệm",0,INDEX(pool1!$F:$F,G87+2)) -> 1.4046373 | J87: =(($B$4*8+A87)*3+B87)*3+C87 -> 1151 | K87: =J87+72 -> 1223 | L87: =K87+1 -> 1224 | M87: =INDEX(weights!$H:$H,K87+2) -> -0.25745666 | N87: =I87*M87 -> -0.36163324 | O87: =O86+N87 -> 2.9040492

Sheet Tra conv3
A1: conv3 — tính 1 điểm output (144 MAC = 16 kênh vào × 9)
A2: Nhập 3 ô vàng. Input lấy từ sheet "pool2", trọng số từ "weights" (offset 1224), bias từ "biases" (offset 24), so với "conv3".
A4: oc (kênh ra, 0–15) | B4: 0
A5: y (hàng, 0–6) | B5: 3
A6: x (cột, 0–6) | B6: 3
A8: bias[oc] (biases.txt) | B8: =INDEX(biases!$E:$E,24+$B$4+2) -> -0.20500636 | C8: Dòng biases.txt: | D8: =24+$B$4+1 -> 25
A9: Σ 144 tích | B9: =SUM(N16:N159) -> -4.17268
A10: acc = bias + Σ → output (trước ReLU) | B10: =B8+B9 -> -4.3776863
A11: PyTorch (sheet conv3) | B11: =INDEX(conv3!$F:$F,($B$4*49+$B$5*7+$B$6)+2) -> -4.3776846 | C11: Dòng golden/07_conv3.txt: | D11: =$B$4*49+$B$5*7+$B$6+1 -> 25
A12: Lệch |acc − PyTorch| | B12: =ABS(B10-B11) -> 1.728243e-06
A13: Sau ReLU = max(0, acc) | B13: =MAX(0,B10) -> 0
A14: Bảng 144 MAC — mỗi nhóm 9 dòng là 1 kênh vào. Dòng xám = ô đệm (in = 0, không đọc file).
A15: ic | B15: ky | C15: kx | D15: hàng = y+ky−1 | E15: cột = x+kx−1 | F15: Trong ảnh / đệm | G15: Chỉ số in (0) | H15: Dòng 06_pool2.txt | I15: in | J15: Chỉ số w trong lớp | K15: Vị trí file (+1224) | L15: Dòng weights.txt | M15: w | N15: Tích in·w | O15: acc cộng dồn
A16: 0 | B16: 0 | C16: 0 | D16: =$B$5+B16-1 -> 2 | E16: =$B$6+C16-1 -> 2 | F16: =IF(OR(D16<0,D16>6,E16<0,E16>6),"đệm","ảnh") -> ảnh | G16: =IF(F16="đệm","—",(A16*7+D16)*7+E16) -> 16 | H16: =IF(F16="đệm","—",G16+1) -> 17 | I16: =IF(F16="đệm",0,INDEX(pool2!$F:$F,G16+2)) -> 0 | J16: =(($B$4*16+A16)*3+B16)*3+C16 -> 0 | K16: =J16+1224 -> 1224 | L16: =K16+1 -> 1225 | M16: =INDEX(weights!$H:$H,K16+2) -> -0.48801222 | N16: =I16*M16 -> 0 | O16: =$B$8+N16 -> -0.20500636
A17: 0 | B17: 0 | C17: 1 | D17: =$B$5+B17-1 -> 2 | E17: =$B$6+C17-1 -> 3 | F17: =IF(OR(D17<0,D17>6,E17<0,E17>6),"đệm","ảnh") -> ảnh | G17: =IF(F17="đệm","—",(A17*7+D17)*7+E17) -> 17 | H17: =IF(F17="đệm","—",G17+1) -> 18 | I17: =IF(F17="đệm",0,INDEX(pool2!$F:$F,G17+2)) -> 0 | J17: =(($B$4*16+A17)*3+B17)*3+C17 -> 1 | K17: =J17+1224 -> 1225 | L17: =K17+1 -> 1226 | M17: =INDEX(weights!$H:$H,K17+2) -> -0.095021442 | N17: =I17*M17 -> 0 | O17: =O16+N17 -> -0.20500636
A18: 0 | B18: 0 | C18: 2 | D18: =$B$5+B18-1 -> 2 | E18: =$B$6+C18-1 -> 4 | F18: =IF(OR(D18<0,D18>6,E18<0,E18>6),"đệm","ảnh") -> ảnh | G18: =IF(F18="đệm","—",(A18*7+D18)*7+E18) -> 18 | H18: =IF(F18="đệm","—",G18+1) -> 19 | I18: =IF(F18="đệm",0,INDEX(pool2!$F:$F,G18+2)) -> 0 | J18: =(($B$4*16+A18)*3+B18)*3+C18 -> 2 | K18: =J18+1224 -> 1226 | L18: =K18+1 -> 1227 | M18: =INDEX(weights!$H:$H,K18+2) -> -0.11938501 | N18: =I18*M18 -> 0 | O18: =O17+N18 -> -0.20500636
A19: 0 | B19: 1 | C19: 0 | D19: =$B$5+B19-1 -> 3 | E19: =$B$6+C19-1 -> 2 | F19: =IF(OR(D19<0,D19>6,E19<0,E19>6),"đệm","ảnh") -> ảnh | G19: =IF(F19="đệm","—",(A19*7+D19)*7+E19) -> 23 | H19: =IF(F19="đệm","—",G19+1) -> 24 | I19: =IF(F19="đệm",0,INDEX(pool2!$F:$F,G19+2)) -> 0.31652725 | J19: =(($B$4*16+A19)*3+B19)*3+C19 -> 3 | K19: =J19+1224 -> 1227 | L19: =K19+1 -> 1228 | M19: =INDEX(weights!$H:$H,K19+2) -> -0.08547619 | N19: =I19*M19 -> -0.027055543 | O19: =O18+N19 -> -0.2320619
A20: 0 | B20: 1 | C20: 1 | D20: =$B$5+B20-1 -> 3 | E20: =$B$6+C20-1 -> 3 | F20: =IF(OR(D20<0,D20>6,E20<0,E20>6),"đệm","ảnh") -> ảnh | G20: =IF(F20="đệm","—",(A20*7+D20)*7+E20) -> 24 | H20: =IF(F20="đệm","—",G20+1) -> 25 | I20: =IF(F20="đệm",0,INDEX(pool2!$F:$F,G20+2)) -> 0 | J20: =(($B$4*16+A20)*3+B20)*3+C20 -> 4 | K20: =J20+1224 -> 1228 | L20: =K20+1 -> 1229 | M20: =INDEX(weights!$H:$H,K20+2) -> 0.07919614 | N20: =I20*M20 -> 0 | O20: =O19+N20 -> -0.2320619
A21: 0 | B21: 1 | C21: 2 | D21: =$B$5+B21-1 -> 3 | E21: =$B$6+C21-1 -> 4 | F21: =IF(OR(D21<0,D21>6,E21<0,E21>6),"đệm","ảnh") -> ảnh | G21: =IF(F21="đệm","—",(A21*7+D21)*7+E21) -> 25 | H21: =IF(F21="đệm","—",G21+1) -> 26 | I21: =IF(F21="đệm",0,INDEX(pool2!$F:$F,G21+2)) -> 0 | J21: =(($B$4*16+A21)*3+B21)*3+C21 -> 5 | K21: =J21+1224 -> 1229 | L21: =K21+1 -> 1230 | M21: =INDEX(weights!$H:$H,K21+2) -> -0.2809172 | N21: =I21*M21 -> 0 | O21: =O20+N21 -> -0.2320619
A22: 0 | B22: 2 | C22: 0 | D22: =$B$5+B22-1 -> 4 | E22: =$B$6+C22-1 -> 2 | F22: =IF(OR(D22<0,D22>6,E22<0,E22>6),"đệm","ảnh") -> ảnh | G22: =IF(F22="đệm","—",(A22*7+D22)*7+E22) -> 30 | H22: =IF(F22="đệm","—",G22+1) -> 31 | I22: =IF(F22="đệm",0,INDEX(pool2!$F:$F,G22+2)) -> 0.31382808 | J22: =(($B$4*16+A22)*3+B22)*3+C22 -> 6 | K22: =J22+1224 -> 1230 | L22: =K22+1 -> 1231 | M22: =INDEX(weights!$H:$H,K22+2) -> 0.24663715 | N22: =I22*M22 -> 0.077401664 | O22: =O21+N22 -> -0.15466024
A23: 0 | B23: 2 | C23: 1 | D23: =$B$5+B23-1 -> 4 | E23: =$B$6+C23-1 -> 3 | F23: =IF(OR(D23<0,D23>6,E23<0,E23>6),"đệm","ảnh") -> ảnh | G23: =IF(F23="đệm","—",(A23*7+D23)*7+E23) -> 31 | H23: =IF(F23="đệm","—",G23+1) -> 32 | I23: =IF(F23="đệm",0,INDEX(pool2!$F:$F,G23+2)) -> 0 | J23: =(($B$4*16+A23)*3+B23)*3+C23 -> 7 | K23: =J23+1224 -> 1231 | L23: =K23+1 -> 1232 | M23: =INDEX(weights!$H:$H,K23+2) -> 0.013433049 | N23: =I23*M23 -> 0 | O23: =O22+N23 -> -0.15466024
A24: 0 | B24: 2 | C24: 2 | D24: =$B$5+B24-1 -> 4 | E24: =$B$6+C24-1 -> 4 | F24: =IF(OR(D24<0,D24>6,E24<0,E24>6),"đệm","ảnh") -> ảnh | G24: =IF(F24="đệm","—",(A24*7+D24)*7+E24) -> 32 | H24: =IF(F24="đệm","—",G24+1) -> 33 | I24: =IF(F24="đệm",0,INDEX(pool2!$F:$F,G24+2)) -> 0 | J24: =(($B$4*16+A24)*3+B24)*3+C24 -> 8 | K24: =J24+1224 -> 1232 | L24: =K24+1 -> 1233 | M24: =INDEX(weights!$H:$H,K24+2) -> -0.55873352 | N24: =I24*M24 -> 0 | O24: =O23+N24 -> -0.15466024
A25: 1 | B25: 0 | C25: 0 | D25: =$B$5+B25-1 -> 2 | E25: =$B$6+C25-1 -> 2 | F25: =IF(OR(D25<0,D25>6,E25<0,E25>6),"đệm","ảnh") -> ảnh | G25: =IF(F25="đệm","—",(A25*7+D25)*7+E25) -> 65 | H25: =IF(F25="đệm","—",G25+1) -> 66 | I25: =IF(F25="đệm",0,INDEX(pool2!$F:$F,G25+2)) -> 0 | J25: =(($B$4*16+A25)*3+B25)*3+C25 -> 9 | K25: =J25+1224 -> 1233 | L25: =K25+1 -> 1234 | M25: =INDEX(weights!$H:$H,K25+2) -> -0.26347715 | N25: =I25*M25 -> 0 | O25: =O24+N25 -> -0.15466024
A26: 1 | B26: 0 | C26: 1 | D26: =$B$5+B26-1 -> 2 | E26: =$B$6+C26-1 -> 3 | F26: =IF(OR(D26<0,D26>6,E26<0,E26>6),"đệm","ảnh") -> ảnh | G26: =IF(F26="đệm","—",(A26*7+D26)*7+E26) -> 66 | H26: =IF(F26="đệm","—",G26+1) -> 67 | I26: =IF(F26="đệm",0,INDEX(pool2!$F:$F,G26+2)) -> 0 | J26: =(($B$4*16+A26)*3+B26)*3+C26 -> 10 | K26: =J26+1224 -> 1234 | L26: =K26+1 -> 1235 | M26: =INDEX(weights!$H:$H,K26+2) -> 0.13743059 | N26: =I26*M26 -> 0 | O26: =O25+N26 -> -0.15466024
A27: 1 | B27: 0 | C27: 2 | D27: =$B$5+B27-1 -> 2 | E27: =$B$6+C27-1 -> 4 | F27: =IF(OR(D27<0,D27>6,E27<0,E27>6),"đệm","ảnh") -> ảnh | G27: =IF(F27="đệm","—",(A27*7+D27)*7+E27) -> 67 | H27: =IF(F27="đệm","—",G27+1) -> 68 | I27: =IF(F27="đệm",0,INDEX(pool2!$F:$F,G27+2)) -> 2.586232 | J27: =(($B$4*16+A27)*3+B27)*3+C27 -> 11 | K27: =J27+1224 -> 1235 | L27: =K27+1 -> 1236 | M27: =INDEX(weights!$H:$H,K27+2) -> 0.13246427 | N27: =I27*M27 -> 0.34258334 | O27: =O26+N27 -> 0.1879231
A28: 1 | B28: 1 | C28: 0 | D28: =$B$5+B28-1 -> 3 | E28: =$B$6+C28-1 -> 2 | F28: =IF(OR(D28<0,D28>6,E28<0,E28>6),"đệm","ảnh") -> ảnh | G28: =IF(F28="đệm","—",(A28*7+D28)*7+E28) -> 72 | H28: =IF(F28="đệm","—",G28+1) -> 73 | I28: =IF(F28="đệm",0,INDEX(pool2!$F:$F,G28+2)) -> 0 | J28: =(($B$4*16+A28)*3+B28)*3+C28 -> 12 | K28: =J28+1224 -> 1236 | L28: =K28+1 -> 1237 | M28: =INDEX(weights!$H:$H,K28+2) -> 0.086420976 | N28: =I28*M28 -> 0 | O28: =O27+N28 -> 0.1879231
... A159: 15 | B159: 2 | C159: 2 | D159: =$B$5+B159-1 -> 4 | E159: =$B$6+C159-1 -> 4 | F159: =IF(OR(D159<0,D159>6,E159<0,E159>6),"đệm","ảnh") -> ảnh | G159: =IF(F159="đệm","—",(A159*7+D159)*7+E159) -> 767 | H159: =IF(F159="đệm","—",G159+1) -> 768 | I159: =IF(F159="đệm",0,INDEX(pool2!$F:$F,G159+2)) -> 0 | J159: =(($B$4*16+A159)*3+B159)*3+C159 -> 143 | K159: =J159+1224 -> 1367 | L159: =K159+1 -> 1368 | M159: =INDEX(weights!$H:$H,K159+2) -> -0.15265568 | N159: =I159*M159 -> 0 | O159: =O158+N159 -> -4.3776863

Sheet Tra maxpool
A1: ReLU + MaxPool 2×2 — tính 1 điểm output của pool
A2: Chọn lớp (1, 2, 3). Lấy 4 giá trị conv → ReLU → max (3 phép so sánh). Pool 3 chỉ có 3×3 vì floor(7/2) = 3.
A4: lớp (1, 2, 3) | B4: 1 | C4: Kích thước vào H: | D4: =CHOOSE($B$4,28,14,7) -> 28
A5: kênh c (0–7 / 0–15) | B5: 0 | C5: Kích thước ra: | D5: =INT(D4/2) -> 14
A6: y (hàng output) | B6: 5 | C6: Số kênh: | D6: =CHOOSE($B$4,8,16,16) -> 8
A7: x (cột output) | B7: 7 | C7: Hợp lệ? | D7: =IF(AND($B$5<D6,$B$6<D5,$B$7<D5),"OK","Ngoài phạm vi — giảm c/y/x") -> OK
A10: dy | B10: dx | C10: hàng vào = 2y+dy | D10: cột vào = 2x+dx | E10: Chỉ số (0) | F10: Dòng file conv/relu | G10: conv (trước ReLU) | H10: ReLU = max(0, ·)
A11: 0 | B11: 0 | C11: =2*$B$6+A11 -> 10 | D11: =2*$B$7+B11 -> 14 | E11: =($B$5*$D$4+C11)*$D$4+D11 -> 294 | F11: =E11+1 -> 295 | G11: =INDEX(CHOOSE($B$4,conv1!$F:$F,conv2!$F:$F,conv3!$F:$F),E11+2) -> 1.0573199 | H11: =MAX(0,G11) -> 1.0573199
A12: 0 | B12: 1 | C12: =2*$B$6+A12 -> 10 | D12: =2*$B$7+B12 -> 15 | E12: =($B$5*$D$4+C12)*$D$4+D12 -> 295 | F12: =E12+1 -> 296 | G12: =INDEX(CHOOSE($B$4,conv1!$F:$F,conv2!$F:$F,conv3!$F:$F),E12+2) -> 1.3976955 | H12: =MAX(0,G12) -> 1.3976955
A13: 1 | B13: 0 | C13: =2*$B$6+A13 -> 11 | D13: =2*$B$7+B13 -> 14 | E13: =($B$5*$D$4+C13)*$D$4+D13 -> 322 | F13: =E13+1 -> 323 | G13: =INDEX(CHOOSE($B$4,conv1!$F:$F,conv2!$F:$F,conv3!$F:$F),E13+2) -> -0.072096676 | H13: =MAX(0,G13) -> 0
A14: 1 | B14: 1 | C14: =2*$B$6+A14 -> 11 | D14: =2*$B$7+B14 -> 15 | E14: =($B$5*$D$4+C14)*$D$4+D14 -> 323 | F14: =E14+1 -> 324 | G14: =INDEX(CHOOSE($B$4,conv1!$F:$F,conv2!$F:$F,conv3!$F:$F),E14+2) -> 0.14319095 | H14: =MAX(0,G14) -> 0.14319095
A16: So sánh 1: max(a, b) | B16: =MAX(H11,H12) -> 1.3976955
A17: So sánh 2: max(…, c) | B17: =MAX(B16,H13) -> 1.3976955
A18: So sánh 3: max(…, d) → output pool | B18: =MAX(B17,H14) -> 1.3976955
A19: PyTorch (sheet pool1/2/3) | B19: =INDEX(CHOOSE($B$4,pool1!$F:$F,pool2!$F:$F,pool3!$F:$F),($B$5*$D$5+$B$6)*$D$5+$B$7+2) -> 1.3976955 | C19: Dòng file pool: | D19: =($B$5*$D$5+$B$6)*$D$5+$B$7+1 -> 78
A20: Lệch | B20: =ABS(B18-B19) -> 0
A22: Ghi chú: ReLU ở đây đọc từ sheet conv rồi tự lấy max(0, ·) để thấy rõ phép ReLU; sheet relu1/2/3 chứa sẵn kết quả PyTorch để đối chiếu.

Sheet Tra fc
A1: fc (Linear 144→10) — tính 1 logit (144 MAC) + argmax
A2: Nhập chữ số o (0–9). Input = flatten của pool3 (16×3×3 → 144, thứ tự NCHW: k = c·9 + h·3 + w).
A4: o (logit của chữ số, 0–9) | B4: 7 | D4: 10 logit PyTorch
D5: 0 | E5: =INDEX(fc!$D:$D,2) -> -16.400816
A6: bias[o] (biases.txt, offset 40) | B6: =INDEX(biases!$E:$E,40+$B$4+2) -> 0.1002057 | D6: 1 | E6: =INDEX(fc!$D:$D,3) -> -18.367823
A7: Σ 144 tích | B7: =SUM(J20:J163) -> 24.183248 | D7: 2 | E7: =INDEX(fc!$D:$D,4) -> -5.459363
A8: logit = bias + Σ | B8: =B6+B7 -> 24.283454 | D8: 3 | E8: =INDEX(fc!$D:$D,5) -> -4.5117025
A9: PyTorch (sheet fc) | B9: =INDEX(fc!$D:$D,$B$4+2) -> 24.283455 | D9: 4 | E9: =INDEX(fc!$D:$D,6) -> -22.097797
A10: Lệch | B10: =ABS(B8-B9) -> 1.3756695e-06 | D10: 5 | E10: =INDEX(fc!$D:$D,7) -> -17.807869
D11: 6 | E11: =INDEX(fc!$D:$D,8) -> -43.737274
D12: 7 | E12: =INDEX(fc!$D:$D,9) -> 24.283455
D13: 8 | E13: =INDEX(fc!$D:$D,10) -> -8.8031664
D14: 9 | E14: =INDEX(fc!$D:$D,11) -> -2.9820018
D15: argmax → | E15: =MATCH(MAX(E5:E14),E5:E14,0)-1 -> 7 | F15: (9 phép so sánh; nhãn đúng = 7)
A18: Bảng 144 MAC — mỗi nhóm 9 dòng là 1 kênh c của pool3.
A19: k (0–143) | B19: c = k÷9 | C19: h | D19: w | E19: Dòng 09_pool3.txt | F19: in (pool3) | G19: Chỉ số w trong fc = o·144 + k | H19: Dòng weights.txt (+3528) | I19: w | J19: Tích | K19: acc cộng dồn
A20: 0 | B20: 0 | C20: 0 | D20: 0 | E20: 1 | F20: =INDEX(pool3!$F:$F,E20+1) -> 0.063415289 | G20: =$B$4*144+A20 -> 1008 | H20: =G20+3528+1 -> 4537 | I20: =INDEX(weights!$H:$H,H20+1) -> -0.25842184 | J20: =F20*I20 -> -0.016387896 | K20: =$B$6+J20 -> 0.083817801
A21: 1 | B21: 0 | C21: 0 | D21: 1 | E21: 2 | F21: =INDEX(pool3!$F:$F,E21+1) -> 0 | G21: =$B$4*144+A21 -> 1009 | H21: =G21+3528+1 -> 4538 | I21: =INDEX(weights!$H:$H,H21+1) -> -0.41687822 | J21: =F21*I21 -> 0 | K21: =K20+J21 -> 0.083817801
A22: 2 | B22: 0 | C22: 0 | D22: 2 | E22: 3 | F22: =INDEX(pool3!$F:$F,E22+1) -> 0 | G22: =$B$4*144+A22 -> 1010 | H22: =G22+3528+1 -> 4539 | I22: =INDEX(weights!$H:$H,H22+1) -> 0.24369064 | J22: =F22*I22 -> 0 | K22: =K21+J22 -> 0.083817801
A23: 3 | B23: 0 | C23: 1 | D23: 0 | E23: 4 | F23: =INDEX(pool3!$F:$F,E23+1) -> 4.5848484 | G23: =$B$4*144+A23 -> 1011 | H23: =G23+3528+1 -> 4540 | I23: =INDEX(weights!$H:$H,H23+1) -> 0.20975111 | J23: =F23*I23 -> 0.96167706 | K23: =K22+J23 -> 1.0454949
A24: 4 | B24: 0 | C24: 1 | D24: 1 | E24: 5 | F24: =INDEX(pool3!$F:$F,E24+1) -> 2.3592522 | G24: =$B$4*144+A24 -> 1012 | H24: =G24+3528+1 -> 4541 | I24: =INDEX(weights!$H:$H,H24+1) -> 0.13926394 | J24: =F24*I24 -> 0.32855877 | K24: =K23+J24 -> 1.3740536
A25: 5 | B25: 0 | C25: 1 | D25: 2 | E25: 6 | F25: =INDEX(pool3!$F:$F,E25+1) -> 6.4676981 | G25: =$B$4*144+A25 -> 1013 | H25: =G25+3528+1 -> 4542 | I25: =INDEX(weights!$H:$H,H25+1) -> -0.17047739 | J25: =F25*I25 -> -1.1025963 | K25: =K24+J25 -> 0.27145733
A26: 6 | B26: 0 | C26: 2 | D26: 0 | E26: 7 | F26: =INDEX(pool3!$F:$F,E26+1) -> 0.018407464 | G26: =$B$4*144+A26 -> 1014 | H26: =G26+3528+1 -> 4543 | I26: =INDEX(weights!$H:$H,H26+1) -> 0.14256521 | J26: =F26*I26 -> 0.0026242639 | K26: =K25+J26 -> 0.2740816
A27: 7 | B27: 0 | C27: 2 | D27: 1 | E27: 8 | F27: =INDEX(pool3!$F:$F,E27+1) -> 3.4990032 | G27: =$B$4*144+A27 -> 1015 | H27: =G27+3528+1 -> 4544 | I27: =INDEX(weights!$H:$H,H27+1) -> -0.14592795 | J27: =F27*I27 -> -0.51060236 | K27: =K26+J27 -> -0.23652076
A28: 8 | B28: 0 | C28: 2 | D28: 2 | E28: 9 | F28: =INDEX(pool3!$F:$F,E28+1) -> 8.9619255 | G28: =$B$4*144+A28 -> 1016 | H28: =G28+3528+1 -> 4545 | I28: =INDEX(weights!$H:$H,H28+1) -> 0.03010517 | J28: =F28*I28 -> 0.26980029 | K28: =K27+J28 -> 0.033279526
A29: 9 | B29: 1 | C29: 0 | D29: 0 | E29: 10 | F29: =INDEX(pool3!$F:$F,E29+1) -> 0 | G29: =$B$4*144+A29 -> 1017 | H29: =G29+3528+1 -> 4546 | I29: =INDEX(weights!$H:$H,H29+1) -> 0.054977421 | J29: =F29*I29 -> 0 | K29: =K28+J29 -> 0.033279526
A30: 10 | B30: 1 | C30: 0 | D30: 1 | E30: 11 | F30: =INDEX(pool3!$F:$F,E30+1) -> 0 | G30: =$B$4*144+A30 -> 1018 | H30: =G30+3528+1 -> 4547 | I30: =INDEX(weights!$H:$H,H30+1) -> -0.17647609 | J30: =F30*I30 -> 0 | K30: =K29+J30 -> 0.033279526
A31: 11 | B31: 1 | C31: 0 | D31: 2 | E31: 12 | F31: =INDEX(pool3!$F:$F,E31+1) -> 0 | G31: =$B$4*144+A31 -> 1019 | H31: =G31+3528+1 -> 4548 | I31: =INDEX(weights!$H:$H,H31+1) -> 0.33156371 | J31: =F31*I31 -> 0 | K31: =K30+J31 -> 0.033279526
A32: 12 | B32: 1 | C32: 1 | D32: 0 | E32: 13 | F32: =INDEX(pool3!$F:$F,E32+1) -> 0.99852258 | G32: =$B$4*144+A32 -> 1020 | H32: =G32+3528+1 -> 4549 | I32: =INDEX(weights!$H:$H,H32+1) -> -0.094289273 | J32: =F32*I32 -> -0.094149968 | K32: =K31+J32 -> -0.060870442
... A163: 143 | B163: 15 | C163: 2 | D163: 2 | E163: 144 | F163: =INDEX(pool3!$F:$F,E163+1) -> 0.64174205 | G163: =$B$4*144+A163 -> 1151 | H163: =G163+3528+1 -> 4680 | I163: =INDEX(weights!$H:$H,H163+1) -> 0.032825399 | J163: =F163*I163 -> 0.021065439 | K163: =K162+J163 -> 24.283454

Sheet weights
A1: Dòng trong file | B1: Chỉ số (đếm từ 0) | C1: Lớp | D1: oc (kênh ra / chữ số) | E1: ic (kênh vào / k của fc) | F1: ky | G1: kx | H1: Giá trị | J1: Nguồn: params/weights.txt. Thứ tự [oc][ic][ky][kx]; fc là [o][k].
A2: 1 | B2: 0 | C2: conv1 | D2: 0 | E2: 0 | F2: 0 | G2: 0 | H2: 0.31913549
A3: 2 | B3: 1 | C3: conv1 | D3: 0 | E3: 0 | F3: 0 | G3: 1 | H3: 0.23974387
A4: 3 | B4: 2 | C4: conv1 | D4: 0 | E4: 0 | F4: 0 | G4: 2 | H4: -0.36057898
A5: 4 | B5: 3 | C5: conv1 | D5: 0 | E5: 0 | F5: 1 | G5: 0 | H5: 0.3299408
A6: 5 | B6: 4 | C6: conv1 | D6: 0 | E6: 0 | F6: 1 | G6: 1 | H6: 0.22587787
A7: 6 | B7: 5 | C7: conv1 | D7: 0 | E7: 0 | F7: 1 | G7: 2 | H7: 0.36177245
A8: 7 | B8: 6 | C8: conv1 | D8: 0 | E8: 0 | F8: 2 | G8: 0 | H8: -0.35221571
A9: 8 | B9: 7 | C9: conv1 | D9: 0 | E9: 0 | F9: 2 | G9: 1 | H9: 0.024664154
A10: 9 | B10: 8 | C10: conv1 | D10: 0 | E10: 0 | F10: 2 | G10: 2 | H10: 0.21865711
A11: 10 | B11: 9 | C11: conv1 | D11: 1 | E11: 0 | F11: 0 | G11: 0 | H11: -0.34304866
A12: 11 | B12: 10 | C12: conv1 | D12: 1 | E12: 0 | F12: 0 | G12: 1 | H12: 0.17896117
A13: 12 | B13: 11 | C13: conv1 | D13: 1 | E13: 0 | F13: 0 | G13: 2 | H13: 0.17619476
... A3529: 3528 | B3529: 3527 | C3529: conv3 | D3529: 15 | E3529: 15 | F3529: 2 | G3529: 2 | H3529: 0.095433064
A3530: 3529 | B3530: 3528 | C3530: fc | D3530: 0 | E3530: 0 | H3530: 0.1268554
A3531: 3530 | B3531: 3529 | C3531: fc | D3531: 0 | E3531: 1 | H3531: 0.054197487
A3532: 3531 | B3532: 3530 | C3532: fc | D3532: 0 | E3532: 2 | H3532: -0.11264872
A3533: 3532 | B3533: 3531 | C3533: fc | D3533: 0 | E3533: 3 | H3533: -0.41309169
A3534: 3533 | B3534: 3532 | C3534: fc | D3534: 0 | E3534: 4 | H3534: -0.034181356
A3535: 3534 | B3535: 3533 | C3535: fc | D3535: 0 | E3535: 5 | H3535: 0.0078049498
A3536: 3535 | B3536: 3534 | C3536: fc | D3536: 0 | E3536: 6 | H3536: -0.074156485
A3537: 3536 | B3537: 3535 | C3537: fc | D3537: 0 | E3537: 7 | H3537: 0.043328166
A3538: 3537 | B3538: 3536 | C3538: fc | D3538: 0 | E3538: 8 | H3538: 0.11035486
A3539: 3538 | B3539: 3537 | C3539: fc | D3539: 0 | E3539: 9 | H3539: -0.14695877
A3540: 3539 | B3540: 3538 | C3540: fc | D3540: 0 | E3540: 10 | H3540: -0.052443564
A3541: 3540 | B3541: 3539 | C3541: fc | D3541: 0 | E3541: 11 | H3541: 0.079354659
... A4969: 4968 | B4969: 4967 | C4969: fc | D4969: 9 | E4969: 143 | H4969: 0.2444474

Sheet biases
A1: Dòng trong file | B1: Chỉ số (đếm từ 0) | C1: Lớp | D1: oc (kênh ra / chữ số) | E1: Giá trị | G1: Nguồn: params/biases.txt.
A2: 1 | B2: 0 | C2: conv1 | D2: 0 | E2: 0.40126324
A3: 2 | B3: 1 | C3: conv1 | D3: 1 | E3: -0.14630759
A4: 3 | B4: 2 | C4: conv1 | D4: 2 | E4: -0.17622003
A5: 4 | B5: 3 | C5: conv1 | D5: 3 | E5: -0.034060057
A6: 5 | B6: 4 | C6: conv1 | D6: 4 | E6: -0.038536064
A7: 6 | B7: 5 | C7: conv1 | D7: 5 | E7: 0.21003701
A8: 7 | B8: 6 | C8: conv1 | D8: 6 | E8: 0.3033413
A9: 8 | B9: 7 | C9: conv1 | D9: 7 | E9: 0.15778357
A10: 9 | B10: 8 | C10: conv2 | D10: 0 | E10: 0.42806539
A11: 10 | B11: 9 | C11: conv2 | D11: 1 | E11: 0.073490404
A12: 11 | B12: 10 | C12: conv2 | D12: 2 | E12: -0.0019559043
A13: 12 | B13: 11 | C13: conv2 | D13: 3 | E13: -0.24616303
... A51: 50 | B51: 49 | C51: fc | D51: 9 | E51: -0.053918682

Sheet input
A1: Dòng trong file | B1: Chỉ số (đếm từ 0) | C1: kênh | D1: hàng | E1: cột | F1: Giá trị | H1: Nguồn: golden/input.txt — shape [1][28][28]. Chỉ số = (kênh·28 + hàng)·28 + cột.
A2: 1 | B2: 0 | C2: 0 | D2: 0 | E2: 0 | F2: -0.42421296
A3: 2 | B3: 1 | C3: 0 | D3: 0 | E3: 1 | F3: -0.42421296
A4: 3 | B4: 2 | C4: 0 | D4: 0 | E4: 2 | F4: -0.42421296
A5: 4 | B5: 3 | C5: 0 | D5: 0 | E5: 3 | F5: -0.42421296
A6: 5 | B6: 4 | C6: 0 | D6: 0 | E6: 4 | F6: -0.42421296
A7: 6 | B7: 5 | C7: 0 | D7: 0 | E7: 5 | F7: -0.42421296
A8: 7 | B8: 6 | C8: 0 | D8: 0 | E8: 6 | F8: -0.42421296
A9: 8 | B9: 7 | C9: 0 | D9: 0 | E9: 7 | F9: -0.42421296
A10: 9 | B10: 8 | C10: 0 | D10: 0 | E10: 8 | F10: -0.42421296
A11: 10 | B11: 9 | C11: 0 | D11: 0 | E11: 9 | F11: -0.42421296
A12: 11 | B12: 10 | C12: 0 | D12: 0 | E12: 10 | F12: -0.42421296
A13: 12 | B13: 11 | C13: 0 | D13: 0 | E13: 11 | F13: -0.42421296
... A785: 784 | B785: 783 | C785: 0 | D785: 27 | E785: 27 | F785: -0.42421296

Sheet conv1
A1: Dòng trong file | B1: Chỉ số (đếm từ 0) | C1: kênh | D1: hàng | E1: cột | F1: Giá trị | H1: Nguồn: golden/01_conv1.txt — shape [8][28][28]. Chỉ số = (kênh·28 + hàng)·28 + cột.
A2: 1 | B2: 0 | C2: 0 | D2: 0 | E2: 0 | F2: 0.048754334
A3: 2 | B3: 1 | C3: 0 | D3: 0 | E3: 1 | F3: 0.058203638
A4: 3 | B4: 2 | C4: 0 | D4: 0 | E4: 2 | F4: 0.058203638
A5: 4 | B5: 3 | C5: 0 | D5: 0 | E5: 3 | F5: 0.058203638
A6: 5 | B6: 4 | C6: 0 | D6: 0 | E6: 4 | F6: 0.058203638
A7: 6 | B7: 5 | C7: 0 | D7: 0 | E7: 5 | F7: 0.058203638
A8: 7 | B8: 6 | C8: 0 | D8: 0 | E8: 6 | F8: 0.058203638
A9: 8 | B9: 7 | C9: 0 | D9: 0 | E9: 7 | F9: 0.058203638
A10: 9 | B10: 8 | C10: 0 | D10: 0 | E10: 8 | F10: 0.058203638
A11: 10 | B11: 9 | C11: 0 | D11: 0 | E11: 9 | F11: 0.058203638
A12: 11 | B12: 10 | C12: 0 | D12: 0 | E12: 10 | F12: 0.058203638
A13: 12 | B13: 11 | C13: 0 | D13: 0 | E13: 11 | F13: 0.058203638
... A6273: 6272 | B6273: 6271 | C6273: 7 | D6273: 27 | E6273: 27 | F6273: -0.21397385

Sheet relu1
A1: Dòng trong file | B1: Chỉ số (đếm từ 0) | C1: kênh | D1: hàng | E1: cột | F1: Giá trị | H1: Nguồn: golden/02_relu1.txt — shape [8][28][28]. Chỉ số = (kênh·28 + hàng)·28 + cột.
A2: 1 | B2: 0 | C2: 0 | D2: 0 | E2: 0 | F2: 0.048754334
A3: 2 | B3: 1 | C3: 0 | D3: 0 | E3: 1 | F3: 0.058203638
A4: 3 | B4: 2 | C4: 0 | D4: 0 | E4: 2 | F4: 0.058203638
A5: 4 | B5: 3 | C5: 0 | D5: 0 | E5: 3 | F5: 0.058203638
A6: 5 | B6: 4 | C6: 0 | D6: 0 | E6: 4 | F6: 0.058203638
A7: 6 | B7: 5 | C7: 0 | D7: 0 | E7: 5 | F7: 0.058203638
A8: 7 | B8: 6 | C8: 0 | D8: 0 | E8: 6 | F8: 0.058203638
A9: 8 | B9: 7 | C9: 0 | D9: 0 | E9: 7 | F9: 0.058203638
A10: 9 | B10: 8 | C10: 0 | D10: 0 | E10: 8 | F10: 0.058203638
A11: 10 | B11: 9 | C11: 0 | D11: 0 | E11: 9 | F11: 0.058203638
A12: 11 | B12: 10 | C12: 0 | D12: 0 | E12: 10 | F12: 0.058203638
A13: 12 | B13: 11 | C13: 0 | D13: 0 | E13: 11 | F13: 0.058203638
... A6273: 6272 | B6273: 6271 | C6273: 7 | D6273: 27 | E6273: 27 | F6273: 0

Sheet pool1
A1: Dòng trong file | B1: Chỉ số (đếm từ 0) | C1: kênh | D1: hàng | E1: cột | F1: Giá trị | H1: Nguồn: golden/03_pool1.txt — shape [8][14][14]. Chỉ số = (kênh·14 + hàng)·14 + cột.
A2: 1 | B2: 0 | C2: 0 | D2: 0 | E2: 0 | F2: 0.10001415
A3: 2 | B3: 1 | C3: 0 | D3: 0 | E3: 1 | F3: 0.058203638
A4: 3 | B4: 2 | C4: 0 | D4: 0 | E4: 2 | F4: 0.058203638
A5: 4 | B5: 3 | C5: 0 | D5: 0 | E5: 3 | F5: 0.058203638
A6: 5 | B6: 4 | C6: 0 | D6: 0 | E6: 4 | F6: 0.058203638
A7: 6 | B7: 5 | C7: 0 | D7: 0 | E7: 5 | F7: 0.058203638
A8: 7 | B8: 6 | C8: 0 | D8: 0 | E8: 6 | F8: 0.058203638
A9: 8 | B9: 7 | C9: 0 | D9: 0 | E9: 7 | F9: 0.058203638
A10: 9 | B10: 8 | C10: 0 | D10: 0 | E10: 8 | F10: 0.058203638
A11: 10 | B11: 9 | C11: 0 | D11: 0 | E11: 9 | F11: 0.058203638
A12: 11 | B12: 10 | C12: 0 | D12: 0 | E12: 10 | F12: 0.058203638
A13: 12 | B13: 11 | C13: 0 | D13: 0 | E13: 11 | F13: 0.058203638
... A1569: 1568 | B1569: 1567 | C1569: 7 | D1569: 13 | E1569: 13 | F1569: 0.27939615

Sheet conv2
A1: Dòng trong file | B1: Chỉ số (đếm từ 0) | C1: kênh | D1: hàng | E1: cột | F1: Giá trị | H1: Nguồn: golden/04_conv2.txt — shape [16][14][14]. Chỉ số = (kênh·14 + hàng)·14 + cột.
A2: 1 | B2: 0 | C2: 0 | D2: 0 | E2: 0 | F2: 0.47976115
A3: 2 | B3: 1 | C3: 0 | D3: 0 | E3: 1 | F3: 0.58707488
A4: 3 | B4: 2 | C4: 0 | D4: 0 | E4: 2 | F4: 0.44533771
A5: 4 | B5: 3 | C5: 0 | D5: 0 | E5: 3 | F5: 0.44533771
A6: 5 | B6: 4 | C6: 0 | D6: 0 | E6: 4 | F6: 0.44533771
A7: 6 | B7: 5 | C7: 0 | D7: 0 | E7: 5 | F7: 0.44533771
A8: 7 | B8: 6 | C8: 0 | D8: 0 | E8: 6 | F8: 0.44533771
A9: 8 | B9: 7 | C9: 0 | D9: 0 | E9: 7 | F9: 0.44533771
A10: 9 | B10: 8 | C10: 0 | D10: 0 | E10: 8 | F10: 0.44533771
A11: 10 | B11: 9 | C11: 0 | D11: 0 | E11: 9 | F11: 0.44533771
A12: 11 | B12: 10 | C12: 0 | D12: 0 | E12: 10 | F12: 0.44533771
A13: 12 | B13: 11 | C13: 0 | D13: 0 | E13: 11 | F13: 0.44533771
... A3137: 3136 | B3137: 3135 | C3137: 15 | D3137: 13 | E3137: 13 | F3137: -0.14222096

Sheet relu2
A1: Dòng trong file | B1: Chỉ số (đếm từ 0) | C1: kênh | D1: hàng | E1: cột | F1: Giá trị | H1: Nguồn: golden/05_relu2.txt — shape [16][14][14]. Chỉ số = (kênh·14 + hàng)·14 + cột.
A2: 1 | B2: 0 | C2: 0 | D2: 0 | E2: 0 | F2: 0.47976115
A3: 2 | B3: 1 | C3: 0 | D3: 0 | E3: 1 | F3: 0.58707488
A4: 3 | B4: 2 | C4: 0 | D4: 0 | E4: 2 | F4: 0.44533771
A5: 4 | B5: 3 | C5: 0 | D5: 0 | E5: 3 | F5: 0.44533771
A6: 5 | B6: 4 | C6: 0 | D6: 0 | E6: 4 | F6: 0.44533771
A7: 6 | B7: 5 | C7: 0 | D7: 0 | E7: 5 | F7: 0.44533771
A8: 7 | B8: 6 | C8: 0 | D8: 0 | E8: 6 | F8: 0.44533771
A9: 8 | B9: 7 | C9: 0 | D9: 0 | E9: 7 | F9: 0.44533771
A10: 9 | B10: 8 | C10: 0 | D10: 0 | E10: 8 | F10: 0.44533771
A11: 10 | B11: 9 | C11: 0 | D11: 0 | E11: 9 | F11: 0.44533771
A12: 11 | B12: 10 | C12: 0 | D12: 0 | E12: 10 | F12: 0.44533771
A13: 12 | B13: 11 | C13: 0 | D13: 0 | E13: 11 | F13: 0.44533771
... A3137: 3136 | B3137: 3135 | C3137: 15 | D3137: 13 | E3137: 13 | F3137: 0

Sheet pool2
A1: Dòng trong file | B1: Chỉ số (đếm từ 0) | C1: kênh | D1: hàng | E1: cột | F1: Giá trị | H1: Nguồn: golden/06_pool2.txt — shape [16][7][7]. Chỉ số = (kênh·7 + hàng)·7 + cột.
A2: 1 | B2: 0 | C2: 0 | D2: 0 | E2: 0 | F2: 0.58707488
A3: 2 | B3: 1 | C3: 0 | D3: 0 | E3: 1 | F3: 0.44533771
A4: 3 | B4: 2 | C4: 0 | D4: 0 | E4: 2 | F4: 0.44533771
A5: 4 | B5: 3 | C5: 0 | D5: 0 | E5: 3 | F5: 0.44533771
A6: 5 | B6: 4 | C6: 0 | D6: 0 | E6: 4 | F6: 0.44533771
A7: 6 | B7: 5 | C7: 0 | D7: 0 | E7: 5 | F7: 0.44533771
A8: 7 | B8: 6 | C8: 0 | D8: 0 | E8: 6 | F8: 0.69845533
A9: 8 | B9: 7 | C9: 0 | D9: 1 | E9: 0 | F9: 0.41165596
A10: 9 | B10: 8 | C10: 0 | D10: 1 | E10: 1 | F10: 0.042701095
A11: 10 | B11: 9 | C11: 0 | D11: 1 | E11: 2 | F11: 3.6309695
A12: 11 | B12: 10 | C12: 0 | D12: 1 | E12: 3 | F12: 0.79583758
A13: 12 | B13: 11 | C13: 0 | D13: 1 | E13: 4 | F13: 0.79860914
... A785: 784 | B785: 783 | C785: 15 | D785: 6 | E785: 6 | F785: 0.010861799

Sheet conv3
A1: Dòng trong file | B1: Chỉ số (đếm từ 0) | C1: kênh | D1: hàng | E1: cột | F1: Giá trị | H1: Nguồn: golden/07_conv3.txt — shape [16][7][7]. Chỉ số = (kênh·7 + hàng)·7 + cột.
A2: 1 | B2: 0 | C2: 0 | D2: 0 | E2: 0 | F2: 0.063415289
A3: 2 | B3: 1 | C3: 0 | D3: 0 | E3: 1 | F3: -10.148663
A4: 3 | B4: 2 | C4: 0 | D4: 0 | E4: 2 | F4: -16.05892
A5: 4 | B5: 3 | C5: 0 | D5: 0 | E5: 3 | F5: -11.849139
A6: 5 | B6: 4 | C6: 0 | D6: 0 | E6: 4 | F6: -14.509873
A7: 6 | B7: 5 | C7: 0 | D7: 0 | E7: 5 | F7: -10.279926
A8: 7 | B8: 6 | C8: 0 | D8: 0 | E8: 6 | F8: 0.58643216
A9: 8 | B9: 7 | C9: 0 | D9: 1 | E9: 0 | F9: -8.4905806
A10: 9 | B10: 8 | C10: 0 | D10: 1 | E10: 1 | F10: -21.824213
A11: 10 | B11: 9 | C11: 0 | D11: 1 | E11: 2 | F11: -17.651966
A12: 11 | B12: 10 | C12: 0 | D12: 1 | E12: 3 | F12: -18.095259
A13: 12 | B13: 11 | C13: 0 | D13: 1 | E13: 4 | F13: -21.441206
... A785: 784 | B785: 783 | C785: 15 | D785: 6 | E785: 6 | F785: -0.47423089

Sheet relu3
A1: Dòng trong file | B1: Chỉ số (đếm từ 0) | C1: kênh | D1: hàng | E1: cột | F1: Giá trị | H1: Nguồn: golden/08_relu3.txt — shape [16][7][7]. Chỉ số = (kênh·7 + hàng)·7 + cột.
A2: 1 | B2: 0 | C2: 0 | D2: 0 | E2: 0 | F2: 0.063415289
A3: 2 | B3: 1 | C3: 0 | D3: 0 | E3: 1 | F3: 0
A4: 3 | B4: 2 | C4: 0 | D4: 0 | E4: 2 | F4: 0
A5: 4 | B5: 3 | C5: 0 | D5: 0 | E5: 3 | F5: 0
A6: 5 | B6: 4 | C6: 0 | D6: 0 | E6: 4 | F6: 0
A7: 6 | B7: 5 | C7: 0 | D7: 0 | E7: 5 | F7: 0
A8: 7 | B8: 6 | C8: 0 | D8: 0 | E8: 6 | F8: 0.58643216
A9: 8 | B9: 7 | C9: 0 | D9: 1 | E9: 0 | F9: 0
A10: 9 | B10: 8 | C10: 0 | D10: 1 | E10: 1 | F10: 0
A11: 10 | B11: 9 | C11: 0 | D11: 1 | E11: 2 | F11: 0
A12: 11 | B12: 10 | C12: 0 | D12: 1 | E12: 3 | F12: 0
A13: 12 | B13: 11 | C13: 0 | D13: 1 | E13: 4 | F13: 0
... A785: 784 | B785: 783 | C785: 15 | D785: 6 | E785: 6 | F785: 0

Sheet pool3
A1: Dòng trong file | B1: Chỉ số (đếm từ 0) | C1: kênh | D1: hàng | E1: cột | F1: Giá trị | H1: Nguồn: golden/09_pool3.txt — shape [16][3][3]. Chỉ số = (kênh·3 + hàng)·3 + cột.
A2: 1 | B2: 0 | C2: 0 | D2: 0 | E2: 0 | F2: 0.063415289
A3: 2 | B3: 1 | C3: 0 | D3: 0 | E3: 1 | F3: 0
A4: 3 | B4: 2 | C4: 0 | D4: 0 | E4: 2 | F4: 0
A5: 4 | B5: 3 | C5: 0 | D5: 1 | E5: 0 | F5: 4.5848484
A6: 5 | B6: 4 | C6: 0 | D6: 1 | E6: 1 | F6: 2.3592522
A7: 6 | B7: 5 | C7: 0 | D7: 1 | E7: 2 | F7: 6.4676981
A8: 7 | B8: 6 | C8: 0 | D8: 2 | E8: 0 | F8: 0.018407464
A9: 8 | B9: 7 | C9: 0 | D9: 2 | E9: 1 | F9: 3.4990032
A10: 9 | B10: 8 | C10: 0 | D10: 2 | E10: 2 | F10: 8.9619255
A11: 10 | B11: 9 | C11: 1 | D11: 0 | E11: 0 | F11: 0
A12: 11 | B12: 10 | C12: 1 | D12: 0 | E12: 1 | F12: 0
A13: 12 | B13: 11 | C13: 1 | D13: 0 | E13: 2 | F13: 0
... A145: 144 | B145: 143 | C145: 15 | D145: 2 | E145: 2 | F145: 0.64174205

Sheet fc
A1: Dòng trong file | B1: Chỉ số (đếm từ 0) | C1: Chữ số (logit) | D1: Giá trị | F1: Nguồn: golden/11_fc_logits.txt — 10 logit PyTorch.
A2: 1 | B2: 0 | C2: 0 | D2: -16.400816
A3: 2 | B3: 1 | C3: 1 | D3: -18.367823
A4: 3 | B4: 2 | C4: 2 | D4: -5.459363
A5: 4 | B5: 3 | C5: 3 | D5: -4.5117025
A6: 5 | B6: 4 | C6: 4 | D6: -22.097797
A7: 6 | B7: 5 | C7: 5 | D7: -17.807869
A8: 7 | B8: 6 | C8: 6 | D8: -43.737274
A9: 8 | B9: 7 | C9: 7 | D9: 24.283455
A10: 9 | B10: 8 | C10: 8 | D10: -8.8031664
A11: 10 | B11: 9 | C11: 9 | D11: -2.9820018
